"age","workclass","fnlwgt","education","education.num","marital.status","occupation","relationship","race","sex","peso.capital.gain","peso.capital.loss","hours.per.week","native.country","makes"
34," Private",245487," 7th-8th",4," Married-civ-spouse"," Transport-moving"," Husband"," Amer-Indian-Eskimo"," Male",0,0,45,"Mexico"," <=50K"
46," Private",216666," 5th-6th",3," Married-civ-spouse"," Machine-op-inspct"," Husband"," White"," Male",0,0,40,"Mexico"," <=50K"
27," Private",213921," HS-grad",9," Never-married"," Other-service"," Own-child"," White"," Male",0,0,40,"Mexico"," <=50K"
19," Private",316868," Some-college",10," Never-married"," Other-service"," Own-child"," White"," Male",0,0,30,"Mexico"," <=50K"
47," Local-gov",186009," Some-college",10," Divorced"," Adm-clerical"," Unmarried"," White"," Female",0,0,38,"Mexico"," <=50K"
36," Private",207157," Some-college",10," Divorced"," Other-service"," Unmarried"," White"," Female",0,0,40,"Mexico"," <=50K"
40," Private",286370," 7th-8th",4," Married-civ-spouse"," Machine-op-inspct"," Husband"," White"," Male",0,0,40,"Mexico"," >50K"
23," Private",197387," 5th-6th",3," Married-civ-spouse"," Transport-moving"," Other-relative"," White"," Male",0,0,40,"Mexico"," <=50K"
22," Private",399087," 5th-6th",3," Married-civ-spouse"," Machine-op-inspct"," Other-relative"," White"," Female",0,0,40,"Mexico"," <=50K"
17," Private",270942," 5th-6th",3," Never-married"," Other-service"," Other-relative"," White"," Male",0,0,48,"Mexico"," <=50K"
52," Private",190762," 1st-4th",2," Married-civ-spouse"," Machine-op-inspct"," Husband"," White"," Male",0,0,40,"Mexico"," <=50K"
27," Private",405855," 9th",5," Never-married"," Craft-repair"," Other-relative"," White"," Male",0,0,40,"Mexico"," <=50K"
30," Private",152453," 11th",7," Married-civ-spouse"," Other-service"," Husband"," White"," Male",0,0,40,"Mexico"," <=50K"
45," Private",433665," 7th-8th",4," Separated"," Other-service"," Unmarried"," White"," Female",0,0,40,"Mexico"," <=50K"
32," Private",226267," Some-college",10," Married-civ-spouse"," Adm-clerical"," Husband"," White"," Male",0,0,40,"Mexico"," <=50K"
31," Private",223212," HS-grad",9," Married-civ-spouse"," Other-service"," Husband"," White"," Male",0,0,40,"Mexico"," <=50K"
43," Private",191547," HS-grad",9," Married-civ-spouse"," Farming-fishing"," Husband"," White"," Male",0,0,40,"Mexico"," <=50K"
42," Private",274198," 5th-6th",3," Married-civ-spouse"," Machine-op-inspct"," Wife"," White"," Female",0,0,38,"Mexico"," <=50K"
23," Private",375871," HS-grad",9," Married-civ-spouse"," Adm-clerical"," Wife"," White"," Female",0,0,40,"Mexico"," <=50K"
32," Private",288273," Bachelors",13," Married-civ-spouse"," Craft-repair"," Husband"," White"," Male",0,0,70,"Mexico"," <=50K"
54," Private",377701," HS-grad",9," Married-civ-spouse"," Other-service"," Husband"," White"," Male",0,0,32,"Mexico"," <=50K"
39," Self-emp-inc",218184," 9th",5," Married-civ-spouse"," Exec-managerial"," Husband"," White"," Male",0,1651,40,"Mexico"," <=50K"
35," Self-emp-inc",289430," Masters",14," Married-civ-spouse"," Sales"," Husband"," White"," Male",0,0,45,"Mexico"," >50K"
31," Private",316672," HS-grad",9," Never-married"," Other-service"," Unmarried"," White"," Female",0,0,40,"Mexico"," <=50K"
41," Private",328447," 1st-4th",2," Married-civ-spouse"," Craft-repair"," Husband"," White"," Male",0,0,35,"Mexico"," <=50K"
34," Private",117529," Some-college",10," Married-civ-spouse"," Farming-fishing"," Husband"," White"," Male",0,0,54,"Mexico"," <=50K"
26," Private",202203," 5th-6th",3," Never-married"," Adm-clerical"," Own-child"," White"," Female",0,0,40,"Mexico"," <=50K"
28," Private",441620," Bachelors",13," Never-married"," Other-service"," Not-in-family"," White"," Male",0,0,43,"Mexico"," <=50K"
31," Private",209448," 10th",6," Married-civ-spouse"," Farming-fishing"," Husband"," White"," Male",2105,0,40,"Mexico"," <=50K"
39," Private",328466," 11th",7," Married-civ-spouse"," Other-service"," Husband"," White"," Male",2407,0,70,"Mexico"," <=50K"
27," Private",127796," 5th-6th",3," Never-married"," Farming-fishing"," Not-in-family"," White"," Male",0,0,35,"Mexico"," <=50K"
37," Private",405723," 1st-4th",2," Married-civ-spouse"," Machine-op-inspct"," Husband"," White"," Male",0,0,40,"Mexico"," <=50K"
25," Private",282063," 7th-8th",4," Married-civ-spouse"," Handlers-cleaners"," Husband"," White"," Male",0,0,40,"Mexico"," <=50K"
39," Private",324420," 1st-4th",2," Married-civ-spouse"," Craft-repair"," Husband"," White"," Male",0,0,45,"Mexico"," <=50K"
24," Private",233777," Some-college",10," Never-married"," Sales"," Unmarried"," White"," Male",0,0,50,"Mexico"," <=50K"
20," Private",176321," 12th",8," Never-married"," Adm-clerical"," Own-child"," White"," Female",0,0,40,"Mexico"," <=50K"
32," Private",549430," HS-grad",9," Never-married"," Priv-house-serv"," Unmarried"," White"," Female",0,0,40,"Mexico"," <=50K"
30," Private",488720," 9th",5," Married-civ-spouse"," Handlers-cleaners"," Other-relative"," White"," Male",0,0,40,"Mexico"," <=50K"
53," Private",227602," HS-grad",9," Divorced"," Sales"," Not-in-family"," White"," Female",0,0,37,"Mexico"," <=50K"
23," Private",482082," 12th",8," Never-married"," Machine-op-inspct"," Own-child"," White"," Male",0,0,21,"Mexico"," <=50K"
31," Private",219509," HS-grad",9," Married-civ-spouse"," Other-service"," Husband"," White"," Male",0,0,40,"Mexico"," >50K"
23," Self-emp-not-inc",519627," HS-grad",9," Never-married"," Farming-fishing"," Not-in-family"," White"," Male",0,0,25,"Mexico"," <=50K"
37," Private",758700," 9th",5," Married-civ-spouse"," Handlers-cleaners"," Husband"," White"," Male",3781,0,50,"Mexico"," <=50K"
51," Private",41474," 10th",6," Married-civ-spouse"," Other-service"," Husband"," White"," Male",0,0,40,"Mexico"," <=50K"
35," Private",63921," 5th-6th",3," Married-civ-spouse"," Handlers-cleaners"," Husband"," White"," Male",0,0,40,"Mexico"," <=50K"
27," Private",258102," 5th-6th",3," Never-married"," Transport-moving"," Not-in-family"," White"," Male",0,0,40,"Mexico"," <=50K"
38," Private",407068," 5th-6th",3," Married-civ-spouse"," Other-service"," Husband"," White"," Male",0,0,75,"Mexico"," <=50K"
23," Private",287681," 7th-8th",4," Never-married"," Other-service"," Not-in-family"," White"," Male",0,0,25,"Mexico"," <=50K"
19," Private",275889," 11th",7," Never-married"," Handlers-cleaners"," Own-child"," White"," Male",0,0,40,"Mexico"," <=50K"
24," Private",211345," Some-college",10," Never-married"," Other-service"," Own-child"," White"," Female",0,0,40,"Mexico"," <=50K"
50," Private",237735," 5th-6th",3," Married-civ-spouse"," Transport-moving"," Husband"," White"," Male",0,0,37,"Mexico"," <=50K"
41," Private",237321," 1st-4th",2," Married-civ-spouse"," Machine-op-inspct"," Husband"," White"," Male",0,0,40,"Mexico"," >50K"
25," Private",503012," 5th-6th",3," Never-married"," Craft-repair"," Not-in-family"," White"," Male",0,0,40,"Mexico"," <=50K"
31," Private",452405," Preschool",1," Never-married"," Other-service"," Other-relative"," White"," Female",0,0,35,"Mexico"," <=50K"
36," Self-emp-not-inc",245090," Bachelors",13," Never-married"," Farming-fishing"," Not-in-family"," White"," Male",0,0,50,"Mexico"," <=50K"
38," Private",234962," HS-grad",9," Married-civ-spouse"," Handlers-cleaners"," Husband"," White"," Male",2829,0,30,"Mexico"," <=50K"
21," Private",194723," Some-college",10," Never-married"," Adm-clerical"," Other-relative"," White"," Female",0,0,40,"Mexico"," <=50K"
19," Private",130431," 5th-6th",3," Never-married"," Farming-fishing"," Not-in-family"," White"," Male",0,0,36,"Mexico"," <=50K"
27," Private",200641," 10th",6," Married-civ-spouse"," Exec-managerial"," Wife"," White"," Female",0,0,40,"Mexico"," <=50K"
20," Private",221955," 5th-6th",3," Married-spouse-absent"," Farming-fishing"," Other-relative"," White"," Male",0,0,40,"Mexico"," <=50K"
30," Private",423770," Some-college",10," Never-married"," Prof-specialty"," Own-child"," White"," Male",0,0,40,"Mexico"," <=50K"
25," Private",206600," 9th",5," Never-married"," Machine-op-inspct"," Other-relative"," White"," Male",0,0,48,"Mexico"," <=50K"
31," Local-gov",446358," Doctorate",16," Never-married"," Prof-specialty"," Not-in-family"," White"," Male",0,0,50,"Mexico"," >50K"
29," Private",457402," 5th-6th",3," Never-married"," Other-service"," Not-in-family"," White"," Male",0,0,25,"Mexico"," <=50K"
41," Self-emp-inc",139916," Assoc-voc",11," Married-civ-spouse"," Sales"," Husband"," Other"," Male",0,2179,84,"Mexico"," <=50K"
36," Private",252327," 5th-6th",3," Married-spouse-absent"," Craft-repair"," Other-relative"," White"," Male",0,0,40,"Mexico"," <=50K"
25," Private",374163," HS-grad",9," Married-spouse-absent"," Farming-fishing"," Not-in-family"," Other"," Male",0,0,40,"Mexico"," <=50K"
21," Private",256356," 11th",7," Never-married"," Priv-house-serv"," Other-relative"," White"," Female",0,0,40,"Mexico"," <=50K"
28," Private",208965," 9th",5," Never-married"," Machine-op-inspct"," Unmarried"," Other"," Male",0,0,40,"Mexico"," <=50K"
41," Private",243607," 5th-6th",3," Married-civ-spouse"," Adm-clerical"," Husband"," White"," Male",0,0,40,"Mexico"," <=50K"
37," Private",336598," 5th-6th",3," Married-civ-spouse"," Farming-fishing"," Husband"," White"," Male",0,0,36,"Mexico"," <=50K"
28," Private",259351," 10th",6," Never-married"," Other-service"," Other-relative"," Amer-Indian-Eskimo"," Male",0,0,40,"Mexico"," <=50K"
33," Private",239781," Preschool",1," Married-civ-spouse"," Farming-fishing"," Husband"," White"," Male",0,0,40,"Mexico"," <=50K"
40," Private",572751," Prof-school",15," Married-civ-spouse"," Craft-repair"," Husband"," White"," Male",5178,0,40,"Mexico"," >50K"
35," Private",230054," 7th-8th",4," Married-civ-spouse"," Machine-op-inspct"," Husband"," White"," Male",0,0,40,"Mexico"," <=50K"
19," ?",365871," 7th-8th",4," Never-married"," ?"," Not-in-family"," White"," Male",0,0,40,"Mexico"," <=50K"
31," Private",247328," 9th",5," Married-civ-spouse"," Machine-op-inspct"," Husband"," White"," Male",3137,0,40,"Mexico"," <=50K"
43," Private",245842," HS-grad",9," Married-civ-spouse"," Machine-op-inspct"," Husband"," White"," Male",0,0,44,"Mexico"," <=50K"
45," Private",199590," 5th-6th",3," Married-civ-spouse"," Transport-moving"," Husband"," White"," Male",0,0,38,"Mexico"," <=50K"
24," Private",308205," 7th-8th",4," Never-married"," Handlers-cleaners"," Other-relative"," White"," Male",0,0,40,"Mexico"," <=50K"
23," Private",407684," 9th",5," Never-married"," Machine-op-inspct"," Other-relative"," White"," Female",0,0,40,"Mexico"," <=50K"
22," ?",517995," HS-grad",9," Never-married"," ?"," Own-child"," White"," Male",0,0,40,"Mexico"," <=50K"
31," Private",395170," Assoc-voc",11," Married-civ-spouse"," Other-service"," Wife"," Amer-Indian-Eskimo"," Female",0,0,24,"Mexico"," <=50K"
28," Private",339897," 1st-4th",2," Married-civ-spouse"," Machine-op-inspct"," Husband"," White"," Male",0,0,43,"Mexico"," <=50K"
43," Private",421837," Some-college",10," Married-civ-spouse"," Machine-op-inspct"," Husband"," White"," Male",0,0,40,"Mexico"," <=50K"
35," Private",227571," 7th-8th",4," Married-civ-spouse"," Handlers-cleaners"," Husband"," White"," Male",0,0,40,"Mexico"," <=50K"
30," Private",488720," Assoc-voc",11," Married-civ-spouse"," Handlers-cleaners"," Husband"," White"," Male",0,0,40,"Mexico"," <=50K"
32," Private",256609," 12th",8," Married-civ-spouse"," Machine-op-inspct"," Husband"," White"," Male",0,0,40,"Mexico"," <=50K"
25," Private",308144," Bachelors",13," Never-married"," Craft-repair"," Not-in-family"," White"," Male",0,0,40,"Mexico"," <=50K"
30," Private",425627," Some-college",10," Never-married"," Craft-repair"," Other-relative"," White"," Male",0,0,40,"Mexico"," <=50K"
58," Private",218281," Bachelors",13," Married-civ-spouse"," Adm-clerical"," Husband"," White"," Male",0,0,40,"Mexico"," <=50K"
29," Private",370494," HS-grad",9," Never-married"," Other-service"," Unmarried"," White"," Female",0,0,40,"Mexico"," <=50K"
21," Private",315065," 7th-8th",4," Never-married"," Other-service"," Other-relative"," White"," Male",0,0,48,"Mexico"," <=50K"
23," Private",155919," 9th",5," Married-spouse-absent"," Craft-repair"," Not-in-family"," White"," Male",0,0,40,"Mexico"," <=50K"
40," Private",273308," HS-grad",9," Divorced"," Machine-op-inspct"," Unmarried"," White"," Female",0,0,48,"Mexico"," <=50K"
46," Private",308334," 1st-4th",2," Widowed"," Other-service"," Unmarried"," Other"," Female",0,0,30,"Mexico"," <=50K"
23," Private",260019," 7th-8th",4," Never-married"," Farming-fishing"," Unmarried"," Other"," Male",0,0,36,"Mexico"," <=50K"
29," Private",228075," HS-grad",9," Never-married"," Adm-clerical"," Unmarried"," White"," Male",0,0,35,"Mexico"," <=50K"
22," Private",239806," Assoc-voc",11," Never-married"," Other-service"," Other-relative"," White"," Female",0,0,40,"Mexico"," <=50K"
29," Private",319149," 12th",8," Married-civ-spouse"," Transport-moving"," Husband"," White"," Male",0,0,40,"Mexico"," <=50K"
52," Private",188644," 5th-6th",3," Married-spouse-absent"," Craft-repair"," Other-relative"," White"," Male",0,0,40,"Mexico"," <=50K"
25," Private",308144," Bachelors",13," Never-married"," Craft-repair"," Not-in-family"," White"," Male",0,0,40,"Mexico"," <=50K"
37," Private",632613," 10th",6," Married-civ-spouse"," Farming-fishing"," Husband"," White"," Male",0,0,35,"Mexico"," <=50K"
43," Private",222971," 5th-6th",3," Never-married"," Machine-op-inspct"," Unmarried"," White"," Female",0,0,40,"Mexico"," <=50K"
22," Private",445758," 5th-6th",3," Never-married"," Handlers-cleaners"," Not-in-family"," White"," Male",0,0,40,"Mexico"," <=50K"
52," Private",416164," HS-grad",9," Married-civ-spouse"," Farming-fishing"," Husband"," Other"," Male",0,0,49,"Mexico"," <=50K"
30," Private",296509," 7th-8th",4," Separated"," Farming-fishing"," Not-in-family"," White"," Male",0,0,45,"Mexico"," <=50K"
33," Self-emp-not-inc",295591," 1st-4th",2," Married-spouse-absent"," Craft-repair"," Not-in-family"," White"," Male",0,0,40,"Mexico"," <=50K"
23," Private",223231," HS-grad",9," Married-civ-spouse"," Machine-op-inspct"," Husband"," Other"," Male",0,0,40,"Mexico"," <=50K"
28," Private",94880," Some-college",10," Never-married"," Craft-repair"," Not-in-family"," White"," Male",0,0,43,"Mexico"," <=50K"
34," Private",516337," 11th",7," Married-civ-spouse"," Handlers-cleaners"," Husband"," White"," Male",0,0,40,"Mexico"," <=50K"
29," Private",255476," 7th-8th",4," Never-married"," Handlers-cleaners"," Own-child"," White"," Male",0,0,30,"Mexico"," <=50K"
74," ?",204840," 5th-6th",3," Married-civ-spouse"," ?"," Husband"," White"," Male",0,0,56,"Mexico"," <=50K"
21," Private",221955," HS-grad",9," Never-married"," Machine-op-inspct"," Unmarried"," White"," Male",0,0,40,"Mexico"," <=50K"
20," Private",329530," 9th",5," Never-married"," Priv-house-serv"," Own-child"," White"," Male",0,0,40,"Mexico"," <=50K"
31," Private",273818," Some-college",10," Married-civ-spouse"," Other-service"," Husband"," White"," Male",0,0,55,"Mexico"," <=50K"
25," Private",276310," 9th",5," Married-civ-spouse"," Machine-op-inspct"," Husband"," White"," Male",0,0,40,"Mexico"," <=50K"
27," Private",101364," HS-grad",9," Married-civ-spouse"," Handlers-cleaners"," Husband"," White"," Male",0,0,40,"Mexico"," <=50K"
37," Private",323155," 1st-4th",2," Married-civ-spouse"," Farming-fishing"," Husband"," White"," Male",0,0,85,"Mexico"," <=50K"
59," Private",359292," 1st-4th",2," Married-civ-spouse"," Machine-op-inspct"," Husband"," White"," Male",0,0,40,"Mexico"," <=50K"
62," Private",368476," 5th-6th",3," Married-civ-spouse"," Farming-fishing"," Husband"," White"," Male",0,0,24,"Mexico"," <=50K"
24," Private",200089," HS-grad",9," Married-civ-spouse"," Craft-repair"," Husband"," White"," Male",0,0,60,"Mexico"," >50K"
25," Private",306352," Assoc-voc",11," Married-civ-spouse"," Tech-support"," Husband"," White"," Male",0,0,40,"Mexico"," <=50K"
37," Private",410913," HS-grad",9," Married-spouse-absent"," Farming-fishing"," Unmarried"," Other"," Male",0,0,40,"Mexico"," <=50K"
22," Private",496025," Some-college",10," Married-civ-spouse"," Machine-op-inspct"," Husband"," White"," Male",0,0,40,"Mexico"," <=50K"
22," ?",291547," 5th-6th",3," Married-civ-spouse"," ?"," Wife"," Other"," Female",0,0,40,"Mexico"," <=50K"
23," Private",216867," Some-college",10," Never-married"," Craft-repair"," Own-child"," White"," Male",0,0,37,"Mexico"," <=50K"
35," Private",245090," HS-grad",9," Married-civ-spouse"," Craft-repair"," Husband"," White"," Male",0,0,40,"Mexico"," <=50K"
37," Private",196338," 9th",5," Separated"," Priv-house-serv"," Unmarried"," White"," Female",0,0,16,"Mexico"," <=50K"
27," Private",211032," Preschool",1," Married-civ-spouse"," Farming-fishing"," Other-relative"," White"," Male",41310,0,24,"Mexico"," <=50K"
53," Self-emp-inc",246562," 5th-6th",3," Married-civ-spouse"," Sales"," Husband"," White"," Male",0,0,40,"Mexico"," >50K"
28," ?",201844," HS-grad",9," Separated"," ?"," Unmarried"," White"," Female",0,0,40,"Mexico"," <=50K"
49," Self-emp-inc",362795," Masters",14," Divorced"," Prof-specialty"," Unmarried"," White"," Male",99999,0,80,"Mexico"," >50K"
23," Private",221955," 9th",5," Never-married"," Handlers-cleaners"," Other-relative"," White"," Male",0,0,39,"Mexico"," <=50K"
26," Private",289980," 5th-6th",3," Married-civ-spouse"," Farming-fishing"," Husband"," White"," Male",0,0,30,"Mexico"," <=50K"
52," Private",181901," HS-grad",9," Married-spouse-absent"," Farming-fishing"," Other-relative"," White"," Male",0,0,20,"Mexico"," <=50K"
20," Private",221661," HS-grad",9," Married-civ-spouse"," Adm-clerical"," Wife"," White"," Female",0,0,40,"Mexico"," <=50K"
32," Private",604506," HS-grad",9," Married-civ-spouse"," Transport-moving"," Own-child"," White"," Male",0,0,72,"Mexico"," <=50K"
27," Private",386040," Assoc-voc",11," Married-civ-spouse"," Craft-repair"," Husband"," White"," Male",0,0,40,"Mexico"," <=50K"
31," Private",229636," Some-college",10," Married-civ-spouse"," Craft-repair"," Husband"," White"," Male",0,0,45,"Mexico"," <=50K"
30," Private",193598," Preschool",1," Never-married"," Farming-fishing"," Not-in-family"," White"," Male",0,0,40,"Mexico"," <=50K"
38," Self-emp-not-inc",245090," 9th",5," Married-civ-spouse"," Craft-repair"," Husband"," White"," Male",0,0,40,"Mexico"," <=50K"
32," Private",243988," 5th-6th",3," Married-civ-spouse"," Other-service"," Husband"," White"," Male",0,0,40,"Mexico"," <=50K"
24," Private",259351," Some-college",10," Never-married"," Craft-repair"," Unmarried"," Amer-Indian-Eskimo"," Male",0,0,40,"Mexico"," <=50K"
65," ?",221881," 11th",7," Married-civ-spouse"," ?"," Husband"," White"," Male",0,0,40,"Mexico"," <=50K"
39," State-gov",343646," Bachelors",13," Divorced"," Protective-serv"," Not-in-family"," White"," Male",0,0,40,"Mexico"," >50K"
20," Private",225395," 7th-8th",4," Never-married"," Machine-op-inspct"," Other-relative"," White"," Female",0,0,60,"Mexico"," <=50K"
26," Private",303973," HS-grad",9," Never-married"," Priv-house-serv"," Other-relative"," White"," Female",0,1602,15,"Mexico"," <=50K"
36," Private",83089," 5th-6th",3," Married-civ-spouse"," Machine-op-inspct"," Husband"," White"," Male",7298,0,40,"Mexico"," >50K"
20," Private",432154," HS-grad",9," Never-married"," Sales"," Own-child"," White"," Female",0,0,8,"Mexico"," <=50K"
23," Private",528616," 5th-6th",3," Married-civ-spouse"," Other-service"," Husband"," White"," Male",0,0,40,"Mexico"," <=50K"
25," Private",255647," HS-grad",9," Married-civ-spouse"," Other-service"," Wife"," White"," Female",0,0,25,"Mexico"," <=50K"
29," Private",209934," 5th-6th",3," Married-civ-spouse"," Other-service"," Husband"," White"," Male",0,0,40,"Mexico"," <=50K"
28," Private",175262," Some-college",10," Married-civ-spouse"," Handlers-cleaners"," Husband"," Black"," Male",0,0,40,"Mexico"," <=50K"
43," Private",244172," HS-grad",9," Separated"," Transport-moving"," Unmarried"," White"," Male",0,0,40,"Mexico"," <=50K"
27," Private",318639," 10th",6," Never-married"," Other-service"," Not-in-family"," White"," Male",0,0,60,"Mexico"," <=50K"
33," Private",452924," HS-grad",9," Married-civ-spouse"," Machine-op-inspct"," Husband"," Other"," Male",0,0,40,"Mexico"," <=50K"
56," Private",392160," HS-grad",9," Widowed"," Sales"," Unmarried"," White"," Female",0,0,25,"Mexico"," <=50K"
22," Private",197387," Some-college",10," Never-married"," Handlers-cleaners"," Other-relative"," White"," Male",0,0,24,"Mexico"," <=50K"
43," Private",185670," 1st-4th",2," Widowed"," Prof-specialty"," Unmarried"," White"," Female",0,0,21,"Mexico"," <=50K"
51," Private",193374," 1st-4th",2," Married-civ-spouse"," Craft-repair"," Husband"," White"," Male",0,0,40,"Mexico"," <=50K"
18," Private",444822," 11th",7," Never-married"," Sales"," Own-child"," White"," Female",0,0,8,"Mexico"," <=50K"
42," Private",445940," 9th",5," Married-civ-spouse"," Craft-repair"," Husband"," White"," Male",0,0,40,"Mexico"," <=50K"
53," Local-gov",188644," 5th-6th",3," Married-civ-spouse"," Other-service"," Husband"," White"," Male",0,0,40,"Mexico"," <=50K"
25," ?",218948," 7th-8th",4," Never-married"," ?"," Not-in-family"," White"," Female",0,0,32,"Mexico"," <=50K"
28," Private",299422," 7th-8th",4," Married-civ-spouse"," Handlers-cleaners"," Husband"," White"," Male",0,0,40,"Mexico"," <=50K"
26," Private",322614," Preschool",1," Married-spouse-absent"," Machine-op-inspct"," Not-in-family"," White"," Male",0,1719,40,"Mexico"," <=50K"
33," Private",231826," 7th-8th",4," Married-civ-spouse"," Machine-op-inspct"," Husband"," White"," Male",0,0,40,"Mexico"," <=50K"
23," Private",219835," Some-college",10," Never-married"," Protective-serv"," Own-child"," White"," Male",0,0,40,"Mexico"," <=50K"
21," Private",243368," Preschool",1," Never-married"," Farming-fishing"," Not-in-family"," White"," Male",0,0,50,"Mexico"," <=50K"
54," ?",148657," Preschool",1," Married-civ-spouse"," ?"," Wife"," White"," Female",0,0,40,"Mexico"," <=50K"
52," ?",248113," Preschool",1," Married-spouse-absent"," ?"," Other-relative"," White"," Male",0,0,40,"Mexico"," <=50K"
34," Self-emp-not-inc",312197," HS-grad",9," Married-civ-spouse"," Transport-moving"," Husband"," White"," Male",0,0,75,"Mexico"," >50K"
32," Private",121634," 10th",6," Never-married"," Machine-op-inspct"," Own-child"," White"," Male",0,0,40,"Mexico"," <=50K"
48," Private",273828," 5th-6th",3," Never-married"," Handlers-cleaners"," Not-in-family"," White"," Male",0,0,40,"Mexico"," <=50K"
46," Private",504725," 5th-6th",3," Separated"," Handlers-cleaners"," Not-in-family"," White"," Male",0,0,50,"Mexico"," <=50K"
47," Private",427055," Some-college",10," Married-civ-spouse"," Adm-clerical"," Husband"," White"," Male",0,0,45,"Mexico"," <=50K"
24," Private",270517," HS-grad",9," Never-married"," Other-service"," Own-child"," White"," Female",0,0,40,"Mexico"," <=50K"
28," Private",499001," HS-grad",9," Never-married"," Craft-repair"," Unmarried"," White"," Male",0,0,40,"Mexico"," <=50K"
25," Private",359985," 5th-6th",3," Never-married"," Adm-clerical"," Not-in-family"," White"," Female",0,0,33,"Mexico"," <=50K"
38," Private",227615," 1st-4th",2," Married-civ-spouse"," Handlers-cleaners"," Husband"," White"," Male",0,0,40,"Mexico"," <=50K"
28," Private",194690," 7th-8th",4," Separated"," Other-service"," Own-child"," White"," Male",0,0,60,"Mexico"," <=50K"
20," Private",270517," HS-grad",9," Never-married"," Other-service"," Own-child"," White"," Female",0,0,40,"Mexico"," <=50K"
31," Private",374833," 1st-4th",2," Married-civ-spouse"," Handlers-cleaners"," Husband"," White"," Male",0,0,40,"Mexico"," <=50K"
47," Private",246396," HS-grad",9," Married-civ-spouse"," Adm-clerical"," Husband"," White"," Male",0,0,40,"Mexico"," <=50K"
27," ?",291547," Bachelors",13," Married-civ-spouse"," ?"," Not-in-family"," Other"," Female",0,0,6,"Mexico"," <=50K"
21," Private",376929," 5th-6th",3," Never-married"," Priv-house-serv"," Not-in-family"," White"," Female",0,0,40,"Mexico"," <=50K"
41," Private",82778," 1st-4th",2," Married-civ-spouse"," Farming-fishing"," Husband"," White"," Male",0,0,40,"Mexico"," <=50K"
57," Local-gov",339163," Some-college",10," Widowed"," Adm-clerical"," Unmarried"," White"," Female",0,0,40,"Mexico"," <=50K"
28," ?",196630," Assoc-voc",11," Separated"," ?"," Unmarried"," White"," Female",0,0,40,"Mexico"," <=50K"
20," Private",390817," 5th-6th",3," Never-married"," Handlers-cleaners"," Not-in-family"," White"," Male",0,0,25,"Mexico"," <=50K"
41," Private",648223," 1st-4th",2," Married-spouse-absent"," Farming-fishing"," Unmarried"," White"," Male",0,0,40,"Mexico"," <=50K"
23," Private",522881," 5th-6th",3," Married-civ-spouse"," Other-service"," Husband"," White"," Male",0,0,35,"Mexico"," <=50K"
49," Private",298659," HS-grad",9," Married-civ-spouse"," Sales"," Husband"," White"," Male",0,0,15,"Mexico"," <=50K"
22," Private",216867," 7th-8th",4," Married-civ-spouse"," Machine-op-inspct"," Husband"," White"," Male",0,0,40,"Mexico"," <=50K"
60," Private",135470," 5th-6th",3," Married-civ-spouse"," Craft-repair"," Husband"," White"," Male",0,0,40,"Mexico"," <=50K"
25," Private",486332," HS-grad",9," Divorced"," Other-service"," Not-in-family"," White"," Male",0,0,40,"Mexico"," <=50K"
28," Private",398220," 5th-6th",3," Never-married"," Craft-repair"," Other-relative"," White"," Male",0,0,40,"Mexico"," <=50K"
41," Private",277192," 5th-6th",3," Married-civ-spouse"," Farming-fishing"," Wife"," White"," Female",0,0,40,"Mexico"," <=50K"
43," Private",262038," 5th-6th",3," Married-spouse-absent"," Farming-fishing"," Unmarried"," White"," Male",0,0,35,"Mexico"," <=50K"
32," Private",236543," 12th",8," Married-civ-spouse"," Craft-repair"," Other-relative"," White"," Male",0,0,40,"Mexico"," <=50K"
44," Self-emp-not-inc",567788," 5th-6th",3," Married-civ-spouse"," Farming-fishing"," Husband"," White"," Male",0,0,40,"Mexico"," <=50K"
29," Private",197932," HS-grad",9," Married-civ-spouse"," Handlers-cleaners"," Wife"," White"," Female",0,0,40,"Mexico"," >50K"
21," Private",301694," HS-grad",9," Never-married"," Craft-repair"," Not-in-family"," White"," Male",0,0,35,"Mexico"," <=50K"
25," Private",395512," 12th",8," Married-civ-spouse"," Machine-op-inspct"," Other-relative"," Other"," Male",0,0,40,"Mexico"," <=50K"
19," Private",228238," HS-grad",9," Never-married"," Machine-op-inspct"," Other-relative"," White"," Male",0,0,40,"Mexico"," <=50K"
25," Private",313930," 11th",7," Never-married"," Craft-repair"," Not-in-family"," White"," Male",0,0,40,"Mexico"," <=50K"
37," Private",126743," 1st-4th",2," Married-civ-spouse"," Other-service"," Husband"," White"," Male",0,0,53,"Mexico"," <=50K"
22," Private",205604," 5th-6th",3," Never-married"," Machine-op-inspct"," Not-in-family"," White"," Male",0,0,30,"Mexico"," <=50K"
52," Private",177995," 1st-4th",2," Married-civ-spouse"," Farming-fishing"," Husband"," White"," Male",0,0,56,"Mexico"," >50K"
45," Private",234652," 5th-6th",3," Married-civ-spouse"," Machine-op-inspct"," Husband"," White"," Male",0,0,40,"Mexico"," <=50K"
24," Private",329530," 9th",5," Married-civ-spouse"," Sales"," Husband"," White"," Male",0,0,45,"Mexico"," <=50K"
28," Private",261725," 1st-4th",2," Never-married"," Machine-op-inspct"," Not-in-family"," White"," Female",0,0,40,"Mexico"," <=50K"
26," Self-emp-not-inc",189238," Some-college",10," Never-married"," Prof-specialty"," Not-in-family"," White"," Female",0,0,4,"Mexico"," <=50K"
28," Self-emp-not-inc",211032," 11th",7," Never-married"," Craft-repair"," Not-in-family"," White"," Male",0,0,40,"Mexico"," <=50K"
20," Private",528616," 5th-6th",3," Never-married"," Other-service"," Other-relative"," White"," Male",0,0,40,"Mexico"," <=50K"
35," Private",335777," Some-college",10," Divorced"," Exec-managerial"," Not-in-family"," White"," Male",0,0,40,"Mexico"," <=50K"
28," Private",388112," 1st-4th",2," Never-married"," Farming-fishing"," Unmarried"," White"," Male",0,0,77,"Mexico"," <=50K"
25," Private",204219," HS-grad",9," Never-married"," Adm-clerical"," Unmarried"," White"," Female",0,0,40,"Mexico"," <=50K"
27," Private",501172," 5th-6th",3," Married-civ-spouse"," Transport-moving"," Husband"," White"," Male",0,0,40,"Mexico"," <=50K"
25," Private",288185," 9th",5," Married-civ-spouse"," Machine-op-inspct"," Husband"," White"," Male",0,0,40,"Mexico"," <=50K"
34," Private",349169," Masters",14," Married-civ-spouse"," Craft-repair"," Husband"," White"," Male",0,0,40,"Mexico"," <=50K"
33," Private",189710," 7th-8th",4," Married-civ-spouse"," Farming-fishing"," Husband"," White"," Male",0,0,45,"Mexico"," <=50K"
20," Private",216825," HS-grad",9," Never-married"," Sales"," Own-child"," White"," Female",0,0,25,"Mexico"," <=50K"
38," Private",472604," Bachelors",13," Married-civ-spouse"," Other-service"," Husband"," White"," Male",0,0,35,"Mexico"," <=50K"
36," Private",248445," HS-grad",9," Separated"," Transport-moving"," Other-relative"," White"," Male",0,0,60,"Mexico"," <=50K"
50," Local-gov",254148," Some-college",10," Married-civ-spouse"," Farming-fishing"," Husband"," White"," Male",0,0,40,"Mexico"," <=50K"
45," Private",229516," HS-grad",9," Married-spouse-absent"," Craft-repair"," Not-in-family"," White"," Male",0,0,72,"Mexico"," <=50K"
30," ?",288419," 5th-6th",3," Married-civ-spouse"," ?"," Husband"," White"," Male",0,0,40,"Mexico"," <=50K"
53," Private",188644," Preschool",1," Married-civ-spouse"," Other-service"," Husband"," White"," Male",0,0,40,"Mexico"," <=50K"
39," Private",248445," 5th-6th",3," Married-civ-spouse"," Handlers-cleaners"," Husband"," White"," Male",0,0,40,"Mexico"," <=50K"
34," Private",141058," Some-college",10," Married-civ-spouse"," Other-service"," Husband"," White"," Male",0,0,62,"Mexico"," <=50K"
40," Private",145439," 5th-6th",3," Married-civ-spouse"," Other-service"," Husband"," Other"," Male",4064,0,40,"Mexico"," <=50K"
21," ?",405684," HS-grad",9," Never-married"," ?"," Other-relative"," White"," Male",0,0,35,"Mexico"," <=50K"
33," Private",433375," 1st-4th",2," Married-civ-spouse"," Craft-repair"," Husband"," White"," Male",0,0,35,"Mexico"," <=50K"
32," Private",236543," 12th",8," Divorced"," Protective-serv"," Own-child"," White"," Male",0,0,54,"Mexico"," <=50K"
22," Private",353039," HS-grad",9," Never-married"," Craft-repair"," Unmarried"," White"," Female",0,0,36,"Mexico"," <=50K"
54," Local-gov",365049," Some-college",10," Never-married"," Prof-specialty"," Not-in-family"," White"," Female",0,0,40,"Mexico"," <=50K"
55," ?",449576," 5th-6th",3," Married-civ-spouse"," ?"," Husband"," White"," Male",0,0,48,"Mexico"," <=50K"
31," ?",505438," HS-grad",9," Married-civ-spouse"," ?"," Husband"," White"," Male",0,0,30,"Mexico"," <=50K"
49," Self-emp-not-inc",199590," HS-grad",9," Married-civ-spouse"," Craft-repair"," Husband"," White"," Male",0,0,50,"Mexico"," <=50K"
29," Private",272913," HS-grad",9," Married-civ-spouse"," Adm-clerical"," Husband"," White"," Male",0,0,30,"Mexico"," <=50K"
32," Private",390997," 1st-4th",2," Never-married"," Farming-fishing"," Not-in-family"," Other"," Male",0,0,50,"Mexico"," <=50K"
22," Private",554317," 9th",5," Married-spouse-absent"," Other-service"," Other-relative"," White"," Male",0,0,35,"Mexico"," <=50K"
48," Private",267912," Bachelors",13," Never-married"," Other-service"," Not-in-family"," White"," Male",0,0,50,"Mexico"," >50K"
21," Private",329530," 11th",7," Married-civ-spouse"," Craft-repair"," Husband"," White"," Male",0,0,40,"Mexico"," <=50K"
21," Private",548303," HS-grad",9," Married-civ-spouse"," Prof-specialty"," Own-child"," White"," Male",0,0,40,"Mexico"," >50K"
37," ?",148266," Prof-school",15," Married-civ-spouse"," ?"," Husband"," White"," Male",0,0,6,"Mexico"," <=50K"
32," Private",245487," 5th-6th",3," Married-civ-spouse"," Machine-op-inspct"," Husband"," Amer-Indian-Eskimo"," Male",0,0,40,"Mexico"," <=50K"
48," Private",199590," HS-grad",9," Married-civ-spouse"," Other-service"," Husband"," White"," Male",0,0,40,"Mexico"," >50K"
17," ?",275778," 9th",5," Never-married"," ?"," Own-child"," White"," Female",0,0,25,"Mexico"," <=50K"
24," Private",385540," HS-grad",9," Married-civ-spouse"," Sales"," Husband"," White"," Male",0,0,40,"Mexico"," <=50K"
40," Private",439919," 9th",5," Married-civ-spouse"," Machine-op-inspct"," Husband"," White"," Male",0,0,40,"Mexico"," <=50K"
30," Self-emp-not-inc",226535," 7th-8th",4," Married-civ-spouse"," Farming-fishing"," Husband"," White"," Male",0,0,40,"Mexico"," <=50K"
31," Private",138416," 5th-6th",3," Married-civ-spouse"," Handlers-cleaners"," Husband"," White"," Male",0,0,56,"Mexico"," <=50K"
43," Local-gov",337469," Some-college",10," Divorced"," Adm-clerical"," Not-in-family"," White"," Female",594,0,20,"Mexico"," <=50K"
23," Private",315065," 10th",6," Never-married"," Other-service"," Unmarried"," White"," Male",0,0,60,"Mexico"," <=50K"
31," Private",442429," HS-grad",9," Separated"," Craft-repair"," Unmarried"," White"," Female",0,0,40,"Mexico"," <=50K"
40," Local-gov",370502," Some-college",10," Married-civ-spouse"," Handlers-cleaners"," Husband"," White"," Male",0,0,40,"Mexico"," <=50K"
30," Private",167558," HS-grad",9," Never-married"," Sales"," Unmarried"," White"," Female",0,0,35,"Mexico"," <=50K"
18," Private",333611," 5th-6th",3," Never-married"," Other-service"," Other-relative"," White"," Male",0,0,54,"Mexico"," <=50K"
27," ?",175552," 5th-6th",3," Married-civ-spouse"," ?"," Wife"," White"," Female",0,0,40,"Mexico"," <=50K"
26," Private",152855," HS-grad",9," Never-married"," Exec-managerial"," Own-child"," Other"," Female",0,0,40,"Mexico"," <=50K"
28," Private",221215," 10th",6," Never-married"," Handlers-cleaners"," Other-relative"," White"," Male",0,0,40,"Mexico"," <=50K"
35," Private",234962," HS-grad",9," Never-married"," Machine-op-inspct"," Other-relative"," White"," Male",0,0,40,"Mexico"," <=50K"
57," Self-emp-not-inc",253914," 1st-4th",2," Married-civ-spouse"," Sales"," Husband"," White"," Male",0,0,35,"Mexico"," <=50K"
32," Private",372317," 9th",5," Separated"," Other-service"," Unmarried"," White"," Female",0,0,23,"Mexico"," <=50K"
30," Private",208068," HS-grad",9," Married-civ-spouse"," Craft-repair"," Husband"," Other"," Male",0,0,40,"Mexico"," <=50K"
23," Private",109199," 5th-6th",3," Married-civ-spouse"," Handlers-cleaners"," Husband"," White"," Male",0,0,40,"Mexico"," <=50K"
24," Private",346909," HS-grad",9," Married-civ-spouse"," Craft-repair"," Husband"," White"," Male",0,0,44,"Mexico"," <=50K"
45," Private",265083," 5th-6th",3," Divorced"," Priv-house-serv"," Unmarried"," White"," Female",0,0,35,"Mexico"," <=50K"
23," Private",218445," 5th-6th",3," Never-married"," Priv-house-serv"," Unmarried"," White"," Female",0,0,12,"Mexico"," <=50K"
31," Private",248653," 1st-4th",2," Never-married"," Handlers-cleaners"," Not-in-family"," White"," Male",0,0,37,"Mexico"," <=50K"
41," ?",339682," 5th-6th",3," Married-civ-spouse"," ?"," Husband"," White"," Male",0,0,40,"Mexico"," <=50K"
17," Private",270942," HS-grad",9," Never-married"," Other-service"," Other-relative"," White"," Male",0,0,35,"Mexico"," <=50K"
25," Private",257562," 7th-8th",4," Married-civ-spouse"," Craft-repair"," Husband"," White"," Male",0,0,40,"Mexico"," <=50K"
47," Private",343579," HS-grad",9," Married-civ-spouse"," Other-service"," Husband"," White"," Male",0,0,40,"Mexico"," <=50K"
56," Self-emp-not-inc",210731," 7th-8th",4," Divorced"," Sales"," Other-relative"," White"," Male",0,0,20,"Mexico"," <=50K"
43," Private",483450," 9th",5," Married-civ-spouse"," Exec-managerial"," Husband"," White"," Male",0,0,40,"Mexico"," <=50K"
26," Private",142081," HS-grad",9," Married-civ-spouse"," Other-service"," Wife"," White"," Female",0,0,40,"Mexico"," <=50K"
25," Private",210095," 11th",7," Married-spouse-absent"," Handlers-cleaners"," Not-in-family"," White"," Female",0,0,40,"Mexico"," <=50K"
18," Private",79443," 9th",5," Never-married"," Machine-op-inspct"," Own-child"," White"," Male",0,0,40,"Mexico"," <=50K"
38," Local-gov",218184," 5th-6th",3," Married-civ-spouse"," Handlers-cleaners"," Other-relative"," White"," Male",0,0,40,"Mexico"," <=50K"
43," Self-emp-not-inc",421837," Some-college",10," Married-civ-spouse"," Sales"," Husband"," White"," Male",7298,0,50,"Mexico"," >50K"
27," Private",167405," HS-grad",9," Married-spouse-absent"," Farming-fishing"," Own-child"," White"," Female",0,0,40,"Mexico"," <=50K"
39," Private",279490," Some-college",10," Divorced"," Exec-managerial"," Unmarried"," White"," Female",0,0,40,"Mexico"," <=50K"
29," Private",375078," 7th-8th",4," Married-civ-spouse"," Other-service"," Wife"," White"," Female",0,0,40,"Mexico"," <=50K"
30," Private",136651," 5th-6th",3," Married-civ-spouse"," Craft-repair"," Husband"," White"," Male",0,0,40,"Mexico"," <=50K"
48," Private",345006," Bachelors",13," Never-married"," Prof-specialty"," Not-in-family"," White"," Female",0,0,45,"Mexico"," <=50K"
35," Federal-gov",205584," 5th-6th",3," Never-married"," Craft-repair"," Not-in-family"," White"," Male",0,0,40,"Mexico"," <=50K"
41," Private",262038," 5th-6th",3," Married-spouse-absent"," Farming-fishing"," Not-in-family"," White"," Male",0,0,35,"Mexico"," <=50K"
61," Private",339358," 5th-6th",3," Married-civ-spouse"," Farming-fishing"," Other-relative"," White"," Female",0,0,45,"Mexico"," <=50K"
27," Private",255476," 5th-6th",3," Never-married"," Other-service"," Other-relative"," White"," Male",0,0,40,"Mexico"," <=50K"
25," Private",458549," 1st-4th",2," Married-civ-spouse"," Farming-fishing"," Husband"," White"," Male",0,0,96,"Mexico"," <=50K"
21," Private",243368," Preschool",1," Never-married"," Farming-fishing"," Not-in-family"," White"," Male",0,0,50,"Mexico"," <=50K"
23," Private",306601," Bachelors",13," Never-married"," Craft-repair"," Not-in-family"," Amer-Indian-Eskimo"," Male",0,0,40,"Mexico"," <=50K"
65," Self-emp-inc",172684," Bachelors",13," Married-civ-spouse"," Exec-managerial"," Husband"," White"," Male",0,0,44,"Mexico"," >50K"
59," Private",230899," 9th",5," Separated"," Machine-op-inspct"," Unmarried"," White"," Female",0,0,40,"Mexico"," <=50K"
25," Private",280093," 11th",7," Married-spouse-absent"," Handlers-cleaners"," Not-in-family"," White"," Male",0,0,40,"Mexico"," <=50K"
31," Private",509364," 5th-6th",3," Never-married"," Machine-op-inspct"," Not-in-family"," White"," Male",0,0,45,"Mexico"," <=50K"
31," Private",446358," Some-college",10," Married-civ-spouse"," Machine-op-inspct"," Husband"," White"," Male",0,0,40,"Mexico"," <=50K"
19," Self-emp-not-inc",194205," Some-college",10," Never-married"," Other-service"," Own-child"," White"," Female",0,0,40,"Mexico"," <=50K"
21," Private",129674," Some-college",10," Never-married"," Exec-managerial"," Not-in-family"," Black"," Male",0,0,48,"Mexico"," <=50K"
32," ?",251612," 5th-6th",3," Never-married"," ?"," Unmarried"," White"," Female",0,0,45,"Mexico"," <=50K"
48," Self-emp-not-inc",379883," Masters",14," Married-civ-spouse"," Exec-managerial"," Husband"," White"," Male",0,0,40,"Mexico"," >50K"
31," ?",251167," HS-grad",9," Married-civ-spouse"," ?"," Wife"," White"," Female",0,0,30,"Mexico"," <=50K"
29," Private",271579," 10th",6," Never-married"," Craft-repair"," Not-in-family"," White"," Male",0,0,40,"Mexico"," <=50K"
26," Private",248990," HS-grad",9," Married-civ-spouse"," Craft-repair"," Husband"," White"," Male",0,0,40,"Mexico"," <=50K"
21," Private",211013," 9th",5," Never-married"," Other-service"," Own-child"," White"," Female",0,0,50,"Mexico"," <=50K"
25," Private",250038," Masters",14," Married-civ-spouse"," Machine-op-inspct"," Not-in-family"," White"," Male",0,0,40,"Mexico"," <=50K"
47," Private",343579," 1st-4th",2," Married-spouse-absent"," Farming-fishing"," Not-in-family"," White"," Male",0,0,12,"Mexico"," <=50K"
19," Self-emp-not-inc",285263," 9th",5," Never-married"," Prof-specialty"," Not-in-family"," White"," Male",0,0,35,"Mexico"," <=50K"
44," Private",124924," HS-grad",9," Married-civ-spouse"," Exec-managerial"," Husband"," White"," Male",0,0,40,"Mexico"," <=50K"
58," Private",267663," 7th-8th",4," Married-civ-spouse"," Transport-moving"," Husband"," White"," Male",0,0,40,"Mexico"," <=50K"
20," Private",379198," HS-grad",9," Never-married"," Other-service"," Other-relative"," Other"," Male",0,0,40,"Mexico"," <=50K"
28," Private",231197," 10th",6," Married-spouse-absent"," Craft-repair"," Unmarried"," White"," Male",0,0,40,"Mexico"," <=50K"
22," Private",401690," Some-college",10," Never-married"," Sales"," Own-child"," White"," Female",0,0,20,"Mexico"," <=50K"
22," ?",214238," 7th-8th",4," Never-married"," ?"," Unmarried"," White"," Female",0,0,40,"Mexico"," <=50K"
35," Private",209993," 11th",7," Separated"," Priv-house-serv"," Unmarried"," White"," Female",0,0,8,"Mexico"," <=50K"
28," Private",278736," 5th-6th",3," Married-civ-spouse"," Machine-op-inspct"," Husband"," White"," Male",0,0,40,"Mexico"," <=50K"
31," Private",500002," 1st-4th",2," Married-civ-spouse"," Farming-fishing"," Husband"," White"," Male",0,0,45,"Mexico"," <=50K"
25," Private",207875," 7th-8th",4," Married-civ-spouse"," Handlers-cleaners"," Husband"," White"," Male",0,0,40,"Mexico"," <=50K"
35," Private",255635," 9th",5," Married-civ-spouse"," Craft-repair"," Husband"," Other"," Male",0,0,40,"Mexico"," <=50K"
46," Private",225065," Preschool",1," Married-civ-spouse"," Machine-op-inspct"," Wife"," White"," Female",0,0,40,"Mexico"," <=50K"
24," Private",228772," 5th-6th",3," Never-married"," Machine-op-inspct"," Other-relative"," White"," Female",0,0,40,"Mexico"," <=50K"
31," Private",123430," 11th",7," Married-civ-spouse"," Farming-fishing"," Husband"," White"," Male",0,0,65,"Mexico"," <=50K"
40," Private",223548," HS-grad",9," Married-civ-spouse"," Adm-clerical"," Husband"," White"," Male",0,0,40,"Mexico"," <=50K"
30," Private",102821," Some-college",10," Married-civ-spouse"," Craft-repair"," Not-in-family"," White"," Male",0,0,40,"Mexico"," <=50K"
24," Private",216867," 10th",6," Never-married"," Other-service"," Other-relative"," White"," Male",0,0,30,"Mexico"," <=50K"
33," Private",415706," 5th-6th",3," Separated"," Other-service"," Unmarried"," White"," Female",0,0,40,"Mexico"," <=50K"
22," Private",308205," 5th-6th",3," Never-married"," Farming-fishing"," Other-relative"," White"," Male",0,0,40,"Mexico"," <=50K"
54," Local-gov",182543," Some-college",10," Widowed"," Adm-clerical"," Unmarried"," White"," Female",0,0,40,"Mexico"," <=50K"
25," Private",352806," HS-grad",9," Divorced"," Other-service"," Not-in-family"," White"," Female",0,0,40,"Mexico"," <=50K"
33," Private",351810," Bachelors",13," Never-married"," Prof-specialty"," Not-in-family"," White"," Female",0,0,45,"Mexico"," <=50K"
24," Private",197387," HS-grad",9," Never-married"," Other-service"," Own-child"," White"," Male",0,0,40,"Mexico"," <=50K"
32," Private",398019," 7th-8th",4," Never-married"," Priv-house-serv"," Not-in-family"," White"," Female",0,0,15,"Mexico"," <=50K"
37," Private",239397," 10th",6," Married-civ-spouse"," Machine-op-inspct"," Husband"," White"," Male",0,0,40,"Mexico"," <=50K"
38," Private",231037," 5th-6th",3," Married-civ-spouse"," Sales"," Husband"," White"," Male",0,0,40,"Mexico"," <=50K"
22," Private",390817," 5th-6th",3," Married-civ-spouse"," Craft-repair"," Other-relative"," White"," Male",0,0,40,"Mexico"," <=50K"
44," Private",317535," 1st-4th",2," Married-civ-spouse"," Protective-serv"," Other-relative"," White"," Male",0,0,40,"Mexico"," <=50K"
17," Private",168203," 7th-8th",4," Never-married"," Farming-fishing"," Other-relative"," Other"," Male",0,0,40,"Mexico"," <=50K"
25," Private",443855," HS-grad",9," Married-civ-spouse"," Other-service"," Husband"," White"," Male",0,0,40,"Mexico"," <=50K"
28," Self-emp-not-inc",104617," 7th-8th",4," Never-married"," Other-service"," Other-relative"," White"," Female",0,0,99,"Mexico"," <=50K"
28," Private",173673," 5th-6th",3," Never-married"," Other-service"," Not-in-family"," White"," Female",0,0,40,"Mexico"," <=50K"
42," Private",137698," 5th-6th",3," Married-spouse-absent"," Farming-fishing"," Not-in-family"," White"," Male",0,0,35,"Mexico"," <=50K"
46," ?",206357," 5th-6th",3," Married-civ-spouse"," ?"," Wife"," White"," Female",0,0,40,"Mexico"," <=50K"
24," Private",110371," 12th",8," Never-married"," Machine-op-inspct"," Unmarried"," White"," Male",0,0,40,"Mexico"," <=50K"
22," Private",238917," 1st-4th",2," Never-married"," Machine-op-inspct"," Not-in-family"," White"," Male",0,0,24,"Mexico"," <=50K"
24," Private",604537," HS-grad",9," Never-married"," Transport-moving"," Unmarried"," White"," Male",0,0,40,"Mexico"," <=50K"
35," Private",328466," 9th",5," Married-civ-spouse"," Other-service"," Husband"," White"," Male",0,0,40,"Mexico"," <=50K"
43," Private",350379," 5th-6th",3," Divorced"," Priv-house-serv"," Unmarried"," White"," Female",0,0,40,"Mexico"," <=50K"
31," Private",409622," Bachelors",13," Married-civ-spouse"," Machine-op-inspct"," Husband"," Other"," Male",0,0,36,"Mexico"," <=50K"
57," Private",237691," HS-grad",9," Married-civ-spouse"," Other-service"," Husband"," White"," Male",0,0,40,"Mexico"," <=50K"
25," Private",374163," 12th",8," Married-civ-spouse"," Farming-fishing"," Husband"," Other"," Male",0,0,60,"Mexico"," <=50K"
41," Private",235167," 5th-6th",3," Married-spouse-absent"," Priv-house-serv"," Not-in-family"," White"," Female",0,0,32,"Mexico"," <=50K"
58," Private",275859," HS-grad",9," Widowed"," Craft-repair"," Unmarried"," White"," Male",8614,0,52,"Mexico"," >50K"
44," Private",367749," Bachelors",13," Never-married"," Prof-specialty"," Not-in-family"," White"," Female",0,0,45,"Mexico"," <=50K"
26," Private",206600," Bachelors",13," Never-married"," Craft-repair"," Own-child"," White"," Male",0,0,40,"Mexico"," <=50K"
38," Private",239397," 7th-8th",4," Married-civ-spouse"," Craft-repair"," Husband"," White"," Male",0,0,36,"Mexico"," <=50K"
33," Private",233107," 9th",5," Married-civ-spouse"," Craft-repair"," Husband"," White"," Male",0,0,33,"Mexico"," <=50K"
48," Local-gov",378221," Bachelors",13," Married-civ-spouse"," Exec-managerial"," Husband"," White"," Male",0,0,60,"Mexico"," >50K"
52," Private",380633," 5th-6th",3," Widowed"," Other-service"," Unmarried"," White"," Female",0,0,40,"Mexico"," <=50K"
26," Private",245628," Some-college",10," Never-married"," Adm-clerical"," Other-relative"," White"," Male",0,0,40,"Mexico"," <=50K"
32," Private",328060," 9th",5," Separated"," Other-service"," Unmarried"," Other"," Female",0,0,40,"Mexico"," <=50K"
36," ?",214896," 9th",5," Divorced"," ?"," Unmarried"," White"," Female",0,0,40,"Mexico"," <=50K"
32," Private",316470," 5th-6th",3," Married-civ-spouse"," Craft-repair"," Husband"," White"," Male",0,0,60,"Mexico"," <=50K"
33," Private",419895," 5th-6th",3," Divorced"," Handlers-cleaners"," Unmarried"," White"," Male",0,0,40,"Mexico"," <=50K"
24," Private",243368," Preschool",1," Never-married"," Farming-fishing"," Not-in-family"," White"," Male",0,0,36,"Mexico"," <=50K"
39," Private",252327," 9th",5," Separated"," Craft-repair"," Own-child"," White"," Male",0,0,35,"Mexico"," <=50K"
36," Self-emp-not-inc",405644," HS-grad",9," Married-civ-spouse"," Craft-repair"," Husband"," White"," Male",0,0,35,"Mexico"," <=50K"
31," Private",197252," 7th-8th",4," Married-civ-spouse"," Other-service"," Husband"," White"," Male",0,0,40,"Mexico"," <=50K"
57," Private",194850," Some-college",10," Married-civ-spouse"," Other-service"," Husband"," Other"," Male",0,0,40,"Mexico"," <=50K"
20," Private",215495," Some-college",10," Never-married"," Adm-clerical"," Own-child"," White"," Female",0,0,40,"Mexico"," <=50K"
36," Private",301227," 5th-6th",3," Separated"," Priv-house-serv"," Unmarried"," Other"," Female",0,0,35,"Mexico"," <=50K"
21," Private",455361," 9th",5," Never-married"," Other-service"," Unmarried"," White"," Male",0,0,35,"Mexico"," <=50K"
34," Private",226629," HS-grad",9," Never-married"," Priv-house-serv"," Not-in-family"," White"," Female",0,0,40,"Mexico"," <=50K"
44," Private",210534," 5th-6th",3," Married-civ-spouse"," Handlers-cleaners"," Husband"," White"," Male",0,0,40,"Mexico"," <=50K"
36," Private",209993," 1st-4th",2," Widowed"," Other-service"," Other-relative"," White"," Female",0,0,20,"Mexico"," <=50K"
41," Private",223548," 1st-4th",2," Married-civ-spouse"," Machine-op-inspct"," Husband"," White"," Male",0,0,40,"Mexico"," <=50K"
24," ?",412156," HS-grad",9," Married-civ-spouse"," ?"," Wife"," White"," Female",0,0,40,"Mexico"," <=50K"
39," Private",319248," 10th",6," Never-married"," Other-service"," Unmarried"," White"," Female",0,0,25,"Mexico"," <=50K"
24," Private",240137," 1st-4th",2," Never-married"," Handlers-cleaners"," Not-in-family"," White"," Male",0,0,55,"Mexico"," <=50K"
31," Private",186144," 7th-8th",4," Never-married"," Machine-op-inspct"," Not-in-family"," Other"," Female",0,0,40,"Mexico"," <=50K"
32," Private",440129," Some-college",10," Married-civ-spouse"," Handlers-cleaners"," Husband"," White"," Male",0,0,38,"Mexico"," <=50K"
51," Private",340588," 1st-4th",2," Married-civ-spouse"," Other-service"," Husband"," White"," Male",0,0,54,"Mexico"," <=50K"
25," Private",521400," 5th-6th",3," Never-married"," Machine-op-inspct"," Other-relative"," White"," Male",0,0,40,"Mexico"," <=50K"
31," Private",164870," 11th",7," Married-civ-spouse"," Craft-repair"," Husband"," White"," Male",0,0,40,"Mexico"," <=50K"
37," Private",220314," HS-grad",9," Divorced"," Adm-clerical"," Unmarried"," White"," Female",0,0,40,"Mexico"," <=50K"
46," Private",251786," 1st-4th",2," Separated"," Other-service"," Not-in-family"," White"," Female",0,0,40,"Mexico"," <=50K"
44," Private",225879," Some-college",10," Married-civ-spouse"," Adm-clerical"," Wife"," Other"," Female",0,0,30,"Mexico"," >50K"
26," Private",292692," 12th",8," Never-married"," Craft-repair"," Not-in-family"," White"," Male",0,0,40,"Mexico"," <=50K"
21," Private",308237," 5th-6th",3," Married-civ-spouse"," Handlers-cleaners"," Husband"," White"," Male",0,0,40,"Mexico"," <=50K"
22," Private",216867," 5th-6th",3," Married-civ-spouse"," Craft-repair"," Husband"," White"," Male",0,0,48,"Mexico"," <=50K"
43," Private",235556," Some-college",10," Married-spouse-absent"," Sales"," Not-in-family"," White"," Male",0,0,45,"Mexico"," <=50K"
39," Private",409189," 5th-6th",3," Married-civ-spouse"," Other-service"," Husband"," White"," Male",0,0,40,"Mexico"," <=50K"
63," Private",440607," Preschool",1," Married-civ-spouse"," Prof-specialty"," Husband"," Other"," Male",0,0,30,"Mexico"," <=50K"
25," Private",250038," 9th",5," Never-married"," Farming-fishing"," Other-relative"," White"," Male",0,0,45,"Mexico"," <=50K"
37," Private",405644," 1st-4th",2," Married-spouse-absent"," Farming-fishing"," Other-relative"," White"," Male",0,0,77,"Mexico"," <=50K"
36," Private",41624," 10th",6," Married-civ-spouse"," Craft-repair"," Husband"," White"," Male",0,0,70,"Mexico"," <=50K"
28," Private",221317," Some-college",10," Married-civ-spouse"," Handlers-cleaners"," Husband"," White"," Male",0,0,40,"Mexico"," <=50K"
30," Private",609789," 11th",7," Married-civ-spouse"," Farming-fishing"," Husband"," White"," Male",0,0,60,"Mexico"," <=50K"
50," Private",190762," 5th-6th",3," Married-civ-spouse"," Handlers-cleaners"," Husband"," White"," Male",0,0,40,"Mexico"," <=50K"
25," Private",204338," 10th",6," Married-civ-spouse"," Craft-repair"," Husband"," White"," Male",0,0,40,"Mexico"," <=50K"
37," Private",412296," HS-grad",9," Married-civ-spouse"," Craft-repair"," Husband"," White"," Male",0,0,35,"Mexico"," >50K"
27," Private",194690," 9th",5," Never-married"," Other-service"," Own-child"," White"," Male",0,0,50,"Mexico"," <=50K"
21," Private",221955," 9th",5," Never-married"," Handlers-cleaners"," Other-relative"," White"," Male",0,0,40,"Mexico"," <=50K"
41," Private",238355," 5th-6th",3," Married-civ-spouse"," Farming-fishing"," Husband"," White"," Male",0,0,40,"Mexico"," <=50K"
23," Private",283796," 12th",8," Never-married"," Machine-op-inspct"," Other-relative"," White"," Male",0,0,30,"Mexico"," <=50K"
25," Private",236977," HS-grad",9," Separated"," Craft-repair"," Own-child"," White"," Male",0,0,40,"Mexico"," <=50K"
23," Private",240137," 5th-6th",3," Never-married"," Handlers-cleaners"," Not-in-family"," White"," Male",0,0,55,"Mexico"," <=50K"
41," Private",190885," HS-grad",9," Separated"," Other-service"," Unmarried"," White"," Female",0,0,40,"Mexico"," <=50K"
39," Private",347434," 9th",5," Married-civ-spouse"," Handlers-cleaners"," Husband"," White"," Male",0,0,43,"Mexico"," <=50K"
26," Private",257405," 5th-6th",3," Never-married"," Farming-fishing"," Other-relative"," Black"," Male",0,0,40,"Mexico"," <=50K"
46," Private",152249," HS-grad",9," Married-spouse-absent"," Other-service"," Not-in-family"," White"," Male",0,0,35,"Mexico"," <=50K"
25," Private",201579," 9th",5," Never-married"," Craft-repair"," Not-in-family"," White"," Male",0,0,40,"Mexico"," <=50K"
27," Self-emp-inc",399904," HS-grad",9," Never-married"," Craft-repair"," Other-relative"," White"," Male",0,0,50,"Mexico"," <=50K"
55," Private",290124," 5th-6th",3," Married-civ-spouse"," Machine-op-inspct"," Husband"," White"," Male",0,0,40,"Mexico"," <=50K"
18," Private",335065," 7th-8th",4," Never-married"," Sales"," Own-child"," White"," Male",0,0,30,"Mexico"," <=50K"
25," Private",344804," HS-grad",9," Married-civ-spouse"," Other-service"," Husband"," White"," Male",0,0,50,"Mexico"," <=50K"
33," Private",280923," 7th-8th",4," Married-civ-spouse"," Handlers-cleaners"," Husband"," White"," Male",0,0,40,"Mexico"," <=50K"
24," Private",230229," 5th-6th",3," Never-married"," Machine-op-inspct"," Other-relative"," White"," Male",0,0,40,"Mexico"," <=50K"
24," Private",239663," 10th",6," Married-civ-spouse"," Other-service"," Husband"," White"," Male",0,0,40,"Mexico"," <=50K"
38," Self-emp-not-inc",409189," 7th-8th",4," Married-civ-spouse"," Sales"," Husband"," White"," Male",0,0,40,"Mexico"," <=50K"
35," Private",434114," HS-grad",9," Married-civ-spouse"," Handlers-cleaners"," Husband"," White"," Male",0,0,40,"Mexico"," <=50K"
26," Private",176146," 5th-6th",3," Separated"," Craft-repair"," Not-in-family"," Other"," Male",0,0,35,"Mexico"," <=50K"
39," Private",193260," Some-college",10," Married-civ-spouse"," Adm-clerical"," Husband"," Asian-Pac-Islander"," Male",0,0,25,"Mexico"," <=50K"
17," Private",438996," 10th",6," Never-married"," Other-service"," Other-relative"," White"," Male",0,0,40,"Mexico"," <=50K"
27," Private",217530," HS-grad",9," Married-civ-spouse"," Machine-op-inspct"," Husband"," White"," Male",0,0,40,"Mexico"," <=50K"
47," Private",202322," 5th-6th",3," Married-civ-spouse"," Handlers-cleaners"," Husband"," White"," Male",0,0,40,"Mexico"," <=50K"
32," Private",339482," 5th-6th",3," Separated"," Farming-fishing"," Other-relative"," White"," Male",0,0,60,"Mexico"," <=50K"
51," ?",182543," 1st-4th",2," Separated"," ?"," Unmarried"," White"," Female",0,0,40,"Mexico"," <=50K"
44," Private",367749," Bachelors",13," Never-married"," Prof-specialty"," Not-in-family"," White"," Female",0,0,45,"Mexico"," <=50K"
46," ?",280030," 5th-6th",3," Married-civ-spouse"," ?"," Husband"," White"," Male",0,0,40,"Mexico"," <=50K"
58," Private",365511," Some-college",10," Divorced"," Machine-op-inspct"," Not-in-family"," Other"," Male",0,0,40,"Mexico"," <=50K"
34," Private",422836," HS-grad",9," Divorced"," Prof-specialty"," Unmarried"," White"," Male",0,0,40,"Mexico"," <=50K"
28," Private",272913," 10th",6," Married-civ-spouse"," Handlers-cleaners"," Husband"," White"," Male",0,0,30,"Mexico"," <=50K"
46," Private",305160," 1st-4th",2," Married-civ-spouse"," Handlers-cleaners"," Husband"," White"," Male",0,0,40,"Mexico"," <=50K"
53," Local-gov",287192," 1st-4th",2," Married-civ-spouse"," Other-service"," Husband"," White"," Male",0,0,32,"Mexico"," <=50K"
32," Self-emp-inc",275094," Bachelors",13," Married-civ-spouse"," Sales"," Husband"," White"," Male",7688,0,55,"Mexico"," >50K"
33," Private",226267," 7th-8th",4," Never-married"," Sales"," Not-in-family"," White"," Male",0,0,43,"Mexico"," <=50K"
53," Private",246117," HS-grad",9," Married-civ-spouse"," Craft-repair"," Husband"," White"," Male",0,0,40,"Mexico"," <=50K"
57," Private",390856," 5th-6th",3," Married-civ-spouse"," Farming-fishing"," Husband"," White"," Male",0,0,45,"Mexico"," <=50K"
31," Private",252210," 5th-6th",3," Never-married"," Other-service"," Own-child"," White"," Male",0,0,40,"Mexico"," <=50K"
60," State-gov",198815," Assoc-acdm",12," Married-civ-spouse"," Prof-specialty"," Husband"," White"," Male",0,0,20,"Mexico"," <=50K"
25," Private",266820," Preschool",1," Never-married"," Farming-fishing"," Not-in-family"," White"," Male",0,0,35,"Mexico"," <=50K"
35," Private",56201," Some-college",10," Married-civ-spouse"," Farming-fishing"," Husband"," White"," Male",0,0,40,"Mexico"," <=50K"
27," Local-gov",221317," 11th",7," Married-civ-spouse"," Craft-repair"," Husband"," White"," Male",0,0,40,"Mexico"," <=50K"
29," Private",380560," 9th",5," Married-civ-spouse"," Machine-op-inspct"," Husband"," White"," Male",0,0,40,"Mexico"," <=50K"
25," Private",390316," 9th",5," Married-civ-spouse"," Craft-repair"," Husband"," White"," Male",0,0,40,"Mexico"," <=50K"
25," Private",462869," HS-grad",9," Never-married"," Handlers-cleaners"," Other-relative"," White"," Male",0,0,40,"Mexico"," <=50K"
23," Private",197387," HS-grad",9," Never-married"," Craft-repair"," Own-child"," White"," Male",0,0,37,"Mexico"," <=50K"
31," Private",339482," 1st-4th",2," Married-civ-spouse"," Machine-op-inspct"," Husband"," White"," Male",0,0,40,"Mexico"," <=50K"
26," Private",456618," HS-grad",9," Never-married"," Other-service"," Not-in-family"," White"," Male",0,0,40,"Mexico"," <=50K"
43," Private",188905," 5th-6th",3," Separated"," Machine-op-inspct"," Not-in-family"," White"," Female",0,0,40,"Mexico"," <=50K"
43," Private",255635," 5th-6th",3," Married-civ-spouse"," Machine-op-inspct"," Husband"," Other"," Male",0,0,40,"Mexico"," <=50K"
41," Private",439919," 5th-6th",3," Married-civ-spouse"," Farming-fishing"," Husband"," White"," Male",3411,0,40,"Mexico"," <=50K"
21," Private",283969," HS-grad",9," Never-married"," Craft-repair"," Own-child"," White"," Male",0,0,40,"Mexico"," <=50K"
26," Private",459548," HS-grad",9," Never-married"," Handlers-cleaners"," Not-in-family"," White"," Male",0,0,20,"Mexico"," <=50K"
42," Private",341178," 5th-6th",3," Married-civ-spouse"," Other-service"," Husband"," White"," Male",0,0,44,"Mexico"," <=50K"
47," Self-emp-not-inc",191175," 5th-6th",3," Married-civ-spouse"," Sales"," Husband"," White"," Male",0,2179,50,"Mexico"," <=50K"
25," Private",245628," Some-college",10," Never-married"," Tech-support"," Own-child"," White"," Male",0,0,15,"Mexico"," <=50K"
41," Private",353541," HS-grad",9," Married-civ-spouse"," Machine-op-inspct"," Husband"," White"," Male",0,0,40,"Mexico"," <=50K"
21," Private",238917," 5th-6th",3," Married-civ-spouse"," Other-service"," Husband"," White"," Male",0,0,40,"Mexico"," <=50K"
43," Private",245487," HS-grad",9," Married-civ-spouse"," Craft-repair"," Husband"," Other"," Male",0,0,40,"Mexico"," <=50K"
19," Private",316797," 7th-8th",4," Married-civ-spouse"," Handlers-cleaners"," Own-child"," White"," Male",0,0,45,"Mexico"," <=50K"
29," Private",423024," 5th-6th",3," Married-civ-spouse"," Farming-fishing"," Husband"," White"," Male",0,0,40,"Mexico"," <=50K"
25," Private",248990," 1st-4th",2," Never-married"," Machine-op-inspct"," Not-in-family"," White"," Male",0,0,24,"Mexico"," <=50K"
23," Private",595461," 7th-8th",4," Never-married"," Craft-repair"," Not-in-family"," White"," Male",0,0,40,"Mexico"," <=50K"
29," Private",413297," Assoc-acdm",12," Never-married"," Sales"," Not-in-family"," White"," Male",0,0,45,"Mexico"," <=50K"
26," Private",68895," HS-grad",9," Never-married"," Adm-clerical"," Not-in-family"," White"," Male",0,0,50,"Mexico"," <=50K"
18," Private",184693," Some-college",10," Never-married"," Other-service"," Own-child"," White"," Female",0,0,20,"Mexico"," <=50K"
31," Private",136651," HS-grad",9," Married-civ-spouse"," Craft-repair"," Husband"," White"," Male",0,0,40,"Mexico"," <=50K"
31," Private",231826," HS-grad",9," Married-civ-spouse"," Other-service"," Husband"," White"," Male",0,0,52,"Mexico"," <=50K"
31," Private",403468," Some-college",10," Separated"," Other-service"," Unmarried"," White"," Female",0,0,50,"Mexico"," <=50K"
28," Private",177955," 11th",7," Married-civ-spouse"," Adm-clerical"," Wife"," White"," Female",0,0,40,"Mexico"," <=50K"
22," Private",213902," HS-grad",9," Never-married"," Adm-clerical"," Unmarried"," White"," Female",0,0,40,"Mexico"," <=50K"
30," Private",231620," Bachelors",13," Never-married"," Sales"," Not-in-family"," White"," Female",0,0,40,"Mexico"," <=50K"
32," Private",223212," Preschool",1," Married-civ-spouse"," Machine-op-inspct"," Husband"," White"," Male",0,0,40,"Mexico"," <=50K"
31," Private",310773," Some-college",10," Separated"," Sales"," Unmarried"," White"," Female",0,0,40,"Mexico"," <=50K"
26," Private",476558," 7th-8th",4," Never-married"," Craft-repair"," Not-in-family"," White"," Male",0,0,40,"Mexico"," <=50K"
56," Private",266091," Bachelors",13," Never-married"," Prof-specialty"," Not-in-family"," White"," Female",0,0,45,"Mexico"," <=50K"
36," Private",245521," 7th-8th",4," Married-civ-spouse"," Farming-fishing"," Husband"," White"," Male",0,0,35,"Mexico"," <=50K"
33," Private",238002," 9th",5," Married-civ-spouse"," Transport-moving"," Other-relative"," White"," Male",0,0,40,"Mexico"," <=50K"
37," Private",409189," HS-grad",9," Married-civ-spouse"," Other-service"," Husband"," White"," Male",0,0,30,"Mexico"," <=50K"
23," Private",447488," 9th",5," Never-married"," Machine-op-inspct"," Other-relative"," White"," Male",0,0,35,"Mexico"," <=50K"
21," Private",355287," 9th",5," Never-married"," Machine-op-inspct"," Not-in-family"," White"," Male",0,0,48,"Mexico"," <=50K"
51," Private",355551," HS-grad",9," Never-married"," Craft-repair"," Unmarried"," White"," Female",0,0,45,"Mexico"," <=50K"
19," Private",277695," 9th",5," Never-married"," Farming-fishing"," Other-relative"," White"," Male",0,0,16,"Mexico"," <=50K"
30," Private",348618," 9th",5," Married-civ-spouse"," Craft-repair"," Husband"," Other"," Male",0,0,40,"Mexico"," <=50K"
20," Private",215495," 9th",5," Never-married"," Exec-managerial"," Other-relative"," White"," Female",0,0,40,"Mexico"," <=50K"
33," Private",224258," 7th-8th",4," Never-married"," Farming-fishing"," Not-in-family"," White"," Male",0,0,40,"Mexico"," >50K"
24," Private",258700," 5th-6th",3," Never-married"," Farming-fishing"," Other-relative"," Black"," Male",0,0,40,"Mexico"," <=50K"
38," Private",171344," 11th",7," Married-spouse-absent"," Transport-moving"," Own-child"," White"," Male",0,0,36,"Mexico"," <=50K"
25," Private",220284," HS-grad",9," Never-married"," Transport-moving"," Unmarried"," White"," Male",0,0,40,"Mexico"," <=50K"
21," Private",313873," 5th-6th",3," Never-married"," Handlers-cleaners"," Not-in-family"," White"," Male",0,0,40,"Mexico"," <=50K"
26," Private",359543," Bachelors",13," Never-married"," Adm-clerical"," Own-child"," White"," Female",0,0,40,"Mexico"," <=50K"
31," Private",172865," 5th-6th",3," Never-married"," Farming-fishing"," Own-child"," White"," Male",0,0,25,"Mexico"," <=50K"
41," Self-emp-not-inc",375574," Some-college",10," Married-civ-spouse"," Sales"," Husband"," White"," Male",0,0,60,"Mexico"," >50K"
30," Private",427474," 9th",5," Married-civ-spouse"," Other-service"," Husband"," White"," Male",0,0,40,"Mexico"," <=50K"
46," Private",294907," 5th-6th",3," Married-civ-spouse"," Machine-op-inspct"," Husband"," White"," Male",0,0,40,"Mexico"," <=50K"
55," Private",208019," 5th-6th",3," Married-civ-spouse"," Machine-op-inspct"," Husband"," White"," Male",0,0,40,"Mexico"," <=50K"
34," Private",238376," 1st-4th",2," Married-civ-spouse"," Craft-repair"," Husband"," White"," Male",0,0,40,"Mexico"," <=50K"
38," Private",446654," 9th",5," Married-spouse-absent"," Handlers-cleaners"," Not-in-family"," White"," Male",0,0,40,"Mexico"," <=50K"
32," Private",258406," Some-college",10," Never-married"," Craft-repair"," Unmarried"," White"," Male",0,0,72,"Mexico"," <=50K"
36," Private",112512," 12th",8," Separated"," Other-service"," Unmarried"," White"," Female",0,0,40,"Mexico"," <=50K"
22," ?",211013," Some-college",10," Never-married"," ?"," Own-child"," White"," Female",0,0,40,"Mexico"," <=50K"
54," Private",299324," 5th-6th",3," Married-spouse-absent"," Machine-op-inspct"," Unmarried"," White"," Male",0,0,40,"Mexico"," <=50K"
23," Private",240137," 5th-6th",3," Never-married"," Handlers-cleaners"," Not-in-family"," White"," Male",0,0,55,"Mexico"," <=50K"
30," Private",151001," 5th-6th",3," Married-civ-spouse"," Machine-op-inspct"," Husband"," White"," Male",3464,0,40,"Mexico"," <=50K"
21," Local-gov",218445," Some-college",10," Never-married"," Adm-clerical"," Own-child"," White"," Female",0,0,40,"Mexico"," <=50K"
20," Private",435469," HS-grad",9," Never-married"," Other-service"," Own-child"," White"," Female",0,0,40,"Mexico"," <=50K"
37," Private",217838," 5th-6th",3," Separated"," Other-service"," Unmarried"," White"," Female",0,0,40,"Mexico"," <=50K"
25," Private",232991," 5th-6th",3," Married-civ-spouse"," Machine-op-inspct"," Husband"," Other"," Male",0,0,40,"Mexico"," <=50K"
28," Private",350254," 1st-4th",2," Never-married"," Priv-house-serv"," Not-in-family"," White"," Female",0,0,40,"Mexico"," <=50K"
20," Private",447488," 9th",5," Never-married"," Other-service"," Unmarried"," White"," Male",0,0,30,"Mexico"," <=50K"
26," Private",206600," 11th",7," Never-married"," Other-service"," Other-relative"," White"," Male",0,0,30,"Mexico"," <=50K"
53," Private",264939," Bachelors",13," Never-married"," Prof-specialty"," Not-in-family"," White"," Female",0,0,45,"Mexico"," <=50K"
47," Private",456661," 7th-8th",4," Married-civ-spouse"," Craft-repair"," Husband"," White"," Male",0,0,40,"Mexico"," <=50K"
21," Private",252024," HS-grad",9," Never-married"," Handlers-cleaners"," Other-relative"," White"," Male",0,0,20,"Mexico"," <=50K"
28," Private",419146," 7th-8th",4," Separated"," Handlers-cleaners"," Not-in-family"," White"," Male",0,0,40,"Mexico"," <=50K"
29," Private",84366," 10th",6," Married-spouse-absent"," Adm-clerical"," Unmarried"," White"," Female",0,0,40,"Mexico"," <=50K"
22," Private",176321," 7th-8th",4," Never-married"," Other-service"," Unmarried"," White"," Female",0,0,40,"Mexico"," <=50K"
22," Private",385540," 10th",6," Never-married"," Other-service"," Not-in-family"," White"," Male",0,0,40,"Mexico"," <=50K"
37," Private",209214," 5th-6th",3," Never-married"," Machine-op-inspct"," Unmarried"," White"," Female",0,0,40,"Mexico"," <=50K"
28," Private",412149," 10th",6," Never-married"," Farming-fishing"," Other-relative"," White"," Male",0,0,35,"Mexico"," <=50K"
37," Private",187346," 5th-6th",3," Never-married"," Adm-clerical"," Other-relative"," White"," Female",0,0,40,"Mexico"," <=50K"
38," Private",222450," 5th-6th",3," Married-civ-spouse"," Machine-op-inspct"," Husband"," White"," Male",0,0,40,"Mexico"," <=50K"
28," ?",222005," HS-grad",9," Never-married"," ?"," Other-relative"," White"," Female",0,0,40,"Mexico"," <=50K"
17," Private",220562," 9th",5," Never-married"," Sales"," Other-relative"," Other"," Female",0,0,32,"Mexico"," <=50K"
27," Private",279608," 5th-6th",3," Married-civ-spouse"," Farming-fishing"," Husband"," White"," Male",0,0,40,"Mexico"," <=50K"
33," Private",228696," 1st-4th",2," Married-civ-spouse"," Craft-repair"," Not-in-family"," White"," Male",0,2603,32,"Mexico"," <=50K"
37," Private",222450," 5th-6th",3," Married-civ-spouse"," Machine-op-inspct"," Husband"," White"," Male",0,0,40,"Mexico"," <=50K"
20," Private",386864," 10th",6," Never-married"," Other-service"," Other-relative"," White"," Male",0,0,35,"Mexico"," <=50K"
54," Private",292673," 1st-4th",2," Married-civ-spouse"," Other-service"," Husband"," White"," Male",0,0,35,"Mexico"," <=50K"
23," Self-emp-not-inc",111296," 11th",7," Never-married"," Craft-repair"," Own-child"," White"," Male",0,0,50,"Mexico"," <=50K"
40," Private",215596," Bachelors",13," Married-spouse-absent"," Other-service"," Not-in-family"," Other"," Male",0,0,40,"Mexico"," <=50K"
28," Self-emp-not-inc",209934," 5th-6th",3," Married-civ-spouse"," Handlers-cleaners"," Husband"," White"," Male",0,0,25,"Mexico"," <=50K"
42," Private",384508," 11th",7," Divorced"," Sales"," Unmarried"," White"," Male",1506,0,50,"Mexico"," <=50K"
18," Private",426836," 5th-6th",3," Never-married"," Handlers-cleaners"," Other-relative"," White"," Male",0,0,40,"Mexico"," <=50K"
40," Private",260761," Bachelors",13," Married-civ-spouse"," Adm-clerical"," Husband"," White"," Male",0,0,40,"Mexico"," <=50K"
28," Private",461929," 7th-8th",4," Married-civ-spouse"," Farming-fishing"," Husband"," White"," Male",0,0,40,"Mexico"," <=50K"
27," Private",419146," 5th-6th",3," Never-married"," Other-service"," Not-in-family"," White"," Male",0,0,75,"Mexico"," <=50K"
26," Private",61603," 5th-6th",3," Married-civ-spouse"," Handlers-cleaners"," Husband"," Other"," Male",0,0,40,"Mexico"," <=50K"
19," Private",472807," 1st-4th",2," Never-married"," Handlers-cleaners"," Other-relative"," White"," Male",0,0,52,"Mexico"," <=50K"
36," Private",227615," 5th-6th",3," Married-spouse-absent"," Craft-repair"," Other-relative"," White"," Male",0,0,32,"Mexico"," <=50K"
27," Private",372500," 5th-6th",3," Married-civ-spouse"," Handlers-cleaners"," Husband"," White"," Male",0,0,45,"Mexico"," <=50K"
22," Private",500720," HS-grad",9," Never-married"," Adm-clerical"," Own-child"," White"," Female",0,0,40,"Mexico"," <=50K"
40," Private",252392," 5th-6th",3," Married-civ-spouse"," Other-service"," Husband"," White"," Male",0,0,40,"Mexico"," <=50K"
19," Private",225775," Some-college",10," Never-married"," Craft-repair"," Not-in-family"," White"," Male",0,0,45,"Mexico"," <=50K"
36," Private",133569," 1st-4th",2," Never-married"," Farming-fishing"," Not-in-family"," White"," Male",0,0,40,"Mexico"," <=50K"
28," Private",261725," HS-grad",9," Never-married"," Other-service"," Unmarried"," White"," Female",0,0,40,"Mexico"," <=50K"
25," Private",248990," 5th-6th",3," Never-married"," Machine-op-inspct"," Not-in-family"," White"," Male",0,0,40,"Mexico"," <=50K"
31," Private",319146," Assoc-voc",11," Married-civ-spouse"," Craft-repair"," Husband"," White"," Male",4386,0,40,"Mexico"," >50K"
52," Private",225317," 5th-6th",3," Married-civ-spouse"," Craft-repair"," Husband"," White"," Male",0,0,40,"Mexico"," <=50K"
48," Private",373366," 1st-4th",2," Married-civ-spouse"," Farming-fishing"," Husband"," White"," Male",3781,0,50,"Mexico"," <=50K"
38," Private",296317," HS-grad",9," Married-civ-spouse"," Machine-op-inspct"," Husband"," White"," Male",0,0,40,"Mexico"," <=50K"
33," Private",175479," 5th-6th",3," Never-married"," Other-service"," Unmarried"," White"," Female",0,0,40,"Mexico"," <=50K"
20," Private",238917," 11th",7," Never-married"," Handlers-cleaners"," Not-in-family"," White"," Male",0,0,32,"Mexico"," <=50K"
28," Private",210313," 10th",6," Never-married"," Handlers-cleaners"," Other-relative"," White"," Male",0,0,40,"Mexico"," <=50K"
33," Private",403468," HS-grad",9," Married-civ-spouse"," Machine-op-inspct"," Wife"," White"," Female",0,0,40,"Mexico"," <=50K"
36," Private",405155," 5th-6th",3," Married-civ-spouse"," Craft-repair"," Husband"," White"," Male",0,0,40,"Mexico"," <=50K"
33," Private",283602," 5th-6th",3," Married-civ-spouse"," Other-service"," Husband"," White"," Male",0,0,59,"Mexico"," <=50K"
51," Private",467611," 9th",5," Married-civ-spouse"," Farming-fishing"," Husband"," White"," Male",0,0,40,"Mexico"," <=50K"
31," Private",373185," Some-college",10," Never-married"," Craft-repair"," Unmarried"," White"," Male",0,0,42,"Mexico"," <=50K"
54," Private",185042," 1st-4th",2," Separated"," Priv-house-serv"," Other-relative"," White"," Female",0,0,40,"Mexico"," <=50K"
24," Private",281356," 1st-4th",2," Never-married"," Farming-fishing"," Not-in-family"," Other"," Male",0,0,66,"Mexico"," <=50K"
33," Private",295591," 5th-6th",3," Married-spouse-absent"," Craft-repair"," Not-in-family"," White"," Male",0,0,40,"Mexico"," <=50K"
35," Self-emp-not-inc",256992," 5th-6th",3," Married-civ-spouse"," Other-service"," Wife"," White"," Female",0,0,15,"Mexico"," <=50K"
36," Self-emp-not-inc",328466," 5th-6th",3," Married-civ-spouse"," Transport-moving"," Husband"," White"," Male",0,0,50,"Mexico"," >50K"
29," Private",207473," 7th-8th",4," Married-civ-spouse"," Transport-moving"," Husband"," White"," Male",0,0,40,"Mexico"," <=50K"
19," Private",311974," HS-grad",9," Never-married"," Craft-repair"," Other-relative"," White"," Male",0,0,25,"Mexico"," <=50K"
26," Private",337940," 5th-6th",3," Never-married"," Transport-moving"," Not-in-family"," White"," Male",0,0,40,"Mexico"," <=50K"
41," Self-emp-not-inc",233130," HS-grad",9," Married-civ-spouse"," Exec-managerial"," Husband"," White"," Male",0,0,45,"Mexico"," <=50K"
23," Private",248978," 11th",7," Married-civ-spouse"," Handlers-cleaners"," Husband"," White"," Male",0,0,40,"Mexico"," <=50K"
33," Private",69727," 7th-8th",4," Married-civ-spouse"," Farming-fishing"," Husband"," White"," Male",0,0,40,"Mexico"," <=50K"
34," Local-gov",429897," Bachelors",13," Married-civ-spouse"," Prof-specialty"," Husband"," White"," Male",0,0,45,"Mexico"," >50K"
44," Local-gov",357814," 12th",8," Married-civ-spouse"," Other-service"," Other-relative"," White"," Female",0,0,35,"Mexico"," <=50K"
23," Private",315065," Some-college",10," Never-married"," Other-service"," Unmarried"," White"," Male",0,0,35,"Mexico"," <=50K"
23," ?",214238," 7th-8th",4," Never-married"," ?"," Not-in-family"," White"," Female",0,0,40,"Mexico"," <=50K"
30," Private",356015," 11th",7," Married-spouse-absent"," Handlers-cleaners"," Not-in-family"," Amer-Indian-Eskimo"," Male",0,0,40,"Mexico"," <=50K"
47," Private",225065," 5th-6th",3," Separated"," Sales"," Unmarried"," White"," Female",0,0,40,"Mexico"," <=50K"
60," Private",532845," 1st-4th",2," Married-civ-spouse"," Craft-repair"," Husband"," White"," Male",0,0,40,"Mexico"," >50K"
45," Private",217953," HS-grad",9," Married-civ-spouse"," Craft-repair"," Husband"," Other"," Male",0,0,40,"Mexico"," <=50K"
24," Private",86065," HS-grad",9," Never-married"," Transport-moving"," Unmarried"," White"," Female",0,0,40,"Mexico"," <=50K"
22," Private",283969," HS-grad",9," Never-married"," Machine-op-inspct"," Own-child"," White"," Male",0,0,40,"Mexico"," <=50K"
54," Private",420691," 1st-4th",2," Married-civ-spouse"," Other-service"," Husband"," White"," Male",0,0,40,"Mexico"," <=50K"
33," Private",231826," 1st-4th",2," Married-civ-spouse"," Handlers-cleaners"," Husband"," White"," Male",0,0,40,"Mexico"," <=50K"
27," ?",501172," Some-college",10," Married-civ-spouse"," ?"," Husband"," White"," Male",0,419,20,"Mexico"," <=50K"
19," Private",340567," 1st-4th",2," Never-married"," Handlers-cleaners"," Not-in-family"," White"," Male",0,0,55,"Mexico"," <=50K"
81," Self-emp-not-inc",193237," 1st-4th",2," Widowed"," Sales"," Other-relative"," White"," Male",0,0,45,"Mexico"," <=50K"
58," Private",407138," 7th-8th",4," Married-civ-spouse"," Machine-op-inspct"," Husband"," White"," Male",2936,0,50,"Mexico"," <=50K"
45," Private",233799," 1st-4th",2," Married-civ-spouse"," Machine-op-inspct"," Husband"," White"," Male",0,0,40,"Mexico"," <=50K"
30," Private",36383," Bachelors",13," Married-civ-spouse"," Sales"," Husband"," White"," Male",0,0,40,"Mexico"," >50K"
44," Private",370502," HS-grad",9," Married-civ-spouse"," Other-service"," Husband"," White"," Male",0,0,25,"Mexico"," <=50K"
33," Private",226267," Assoc-acdm",12," Married-civ-spouse"," Sales"," Husband"," White"," Male",0,0,40,"Mexico"," <=50K"
44," Private",213416," 5th-6th",3," Married-civ-spouse"," Machine-op-inspct"," Husband"," White"," Male",0,0,40,"Mexico"," <=50K"
51," Private",241745," 5th-6th",3," Separated"," Machine-op-inspct"," Unmarried"," White"," Female",0,0,40,"Mexico"," <=50K"
61," Local-gov",248595," 1st-4th",2," Married-civ-spouse"," Other-service"," Husband"," White"," Male",0,0,40,"Mexico"," <=50K"
19," Private",311974," 1st-4th",2," Never-married"," Machine-op-inspct"," Other-relative"," White"," Male",0,0,40,"Mexico"," <=50K"
20," Private",66917," 11th",7," Married-civ-spouse"," Farming-fishing"," Own-child"," White"," Male",0,0,40,"Mexico"," <=50K"
42," Private",223548," 7th-8th",4," Married-civ-spouse"," Handlers-cleaners"," Husband"," White"," Male",0,0,30,"Mexico"," <=50K"
38," Private",430035," 9th",5," Married-civ-spouse"," Farming-fishing"," Husband"," White"," Male",0,0,54,"Mexico"," <=50K"
47," Private",219632," 5th-6th",3," Married-spouse-absent"," Machine-op-inspct"," Other-relative"," White"," Male",0,0,40,"Mexico"," <=50K"
42," Private",657397," HS-grad",9," Married-civ-spouse"," Machine-op-inspct"," Husband"," White"," Male",0,0,40,"Mexico"," <=50K"
36," State-gov",422275," 5th-6th",3," Married-civ-spouse"," Other-service"," Husband"," White"," Male",0,0,40,"Mexico"," <=50K"
61," Private",411652," 12th",8," Married-civ-spouse"," Craft-repair"," Husband"," White"," Male",0,0,40,"Mexico"," <=50K"
41," ?",213416," 5th-6th",3," Married-civ-spouse"," ?"," Husband"," White"," Male",0,0,32,"Mexico"," <=50K"
28," Private",403671," HS-grad",9," Never-married"," Other-service"," Other-relative"," White"," Male",0,0,40,"Mexico"," <=50K"
23," Private",417605," 5th-6th",3," Never-married"," Craft-repair"," Not-in-family"," White"," Male",0,0,40,"Mexico"," <=50K"
61," ?",229744," 1st-4th",2," Married-civ-spouse"," ?"," Husband"," White"," Male",3942,0,20,"Mexico"," <=50K"
22," Private",396895," 5th-6th",3," Married-civ-spouse"," Craft-repair"," Husband"," White"," Male",0,0,35,"Mexico"," <=50K"
23," Private",376383," HS-grad",9," Never-married"," Other-service"," Unmarried"," White"," Male",0,0,35,"Mexico"," <=50K"
45," Local-gov",199590," Some-college",10," Married-civ-spouse"," Craft-repair"," Husband"," White"," Male",0,1887,40,"Mexico"," >50K"
41," Private",196344," 1st-4th",2," Married-civ-spouse"," Sales"," Husband"," White"," Male",0,0,50,"Mexico"," <=50K"
21," Private",211013," Assoc-voc",11," Married-civ-spouse"," Other-service"," Other-relative"," White"," Female",0,0,50,"Mexico"," <=50K"
39," Private",252327," 7th-8th",4," Never-married"," Other-service"," Own-child"," White"," Male",0,0,40,"Mexico"," <=50K"
34," Private",220840," 5th-6th",3," Married-civ-spouse"," Farming-fishing"," Husband"," White"," Male",0,0,40,"Mexico"," <=50K"
30," Private",207172," Bachelors",13," Married-civ-spouse"," Adm-clerical"," Wife"," White"," Female",0,0,40,"Mexico"," <=50K"
50," Private",263200," 5th-6th",3," Married-spouse-absent"," Other-service"," Unmarried"," White"," Female",0,0,34,"Mexico"," <=50K"
23," Private",133582," 1st-4th",2," Never-married"," Farming-fishing"," Not-in-family"," White"," Male",0,0,36,"Mexico"," <=50K"
27," Private",363053," 9th",5," Never-married"," Priv-house-serv"," Unmarried"," White"," Female",0,0,24,"Mexico"," <=50K"
27," Private",492263," 10th",6," Separated"," Machine-op-inspct"," Own-child"," White"," Male",0,0,35,"Mexico"," <=50K"
21," Private",538822," HS-grad",9," Never-married"," Other-service"," Other-relative"," White"," Male",0,0,40,"Mexico"," <=50K"
27," Private",215014," HS-grad",9," Married-civ-spouse"," Sales"," Husband"," White"," Male",0,0,35,"Mexico"," <=50K"
45," Private",358701," 12th",8," Never-married"," Other-service"," Own-child"," White"," Male",0,0,10,"Mexico"," <=50K"
38," Private",337130," 1st-4th",2," Married-spouse-absent"," Craft-repair"," Not-in-family"," White"," Male",0,0,40,"Mexico"," <=50K"
28," Private",187397," HS-grad",9," Never-married"," Other-service"," Other-relative"," Other"," Male",0,0,48,"Mexico"," <=50K"
29," Private",246933," HS-grad",9," Never-married"," Adm-clerical"," Other-relative"," White"," Male",0,0,40,"Mexico"," <=50K"
27," Private",380560," HS-grad",9," Never-married"," Farming-fishing"," Other-relative"," White"," Male",0,0,40,"Mexico"," <=50K"
29," Private",413297," Some-college",10," Married-civ-spouse"," Exec-managerial"," Husband"," White"," Male",3411,0,70,"Mexico"," <=50K"
27," Private",211032," 1st-4th",2," Never-married"," Craft-repair"," Not-in-family"," White"," Male",0,0,40,"Mexico"," <=50K"
24," Private",88095," Some-college",10," Never-married"," Machine-op-inspct"," Not-in-family"," White"," Female",0,0,24,"Mexico"," <=50K"
41," Private",211731," Some-college",10," Never-married"," Adm-clerical"," Not-in-family"," White"," Female",0,0,40,"Mexico"," <=50K"
35," Private",195516," 7th-8th",4," Married-civ-spouse"," Tech-support"," Husband"," White"," Male",0,0,40,"Mexico"," <=50K"
40," Private",566537," Preschool",1," Married-civ-spouse"," Other-service"," Husband"," White"," Male",0,1672,40,"Mexico"," <=50K"
24," Private",427686," 1st-4th",2," Married-civ-spouse"," Handlers-cleaners"," Other-relative"," White"," Male",0,0,40,"Mexico"," <=50K"
34," Private",346034," 12th",8," Married-spouse-absent"," Handlers-cleaners"," Unmarried"," White"," Male",0,0,35,"Mexico"," <=50K"
37," Private",328466," HS-grad",9," Married-civ-spouse"," Craft-repair"," Husband"," White"," Male",0,0,72,"Mexico"," <=50K"
26," Private",233777," HS-grad",9," Married-civ-spouse"," Craft-repair"," Husband"," White"," Male",0,0,72,"Mexico"," <=50K"
24," Private",176580," 5th-6th",3," Married-spouse-absent"," Farming-fishing"," Not-in-family"," White"," Male",0,0,40,"Mexico"," <=50K"
23," Private",180771," 1st-4th",2," Married-civ-spouse"," Machine-op-inspct"," Wife"," Amer-Indian-Eskimo"," Female",0,0,35,"Mexico"," <=50K"
36," Private",208068," Preschool",1," Divorced"," Other-service"," Not-in-family"," Other"," Male",0,0,72,"Mexico"," <=50K"
43," Private",260761," HS-grad",9," Married-civ-spouse"," Machine-op-inspct"," Husband"," White"," Male",0,0,40,"Mexico"," <=50K"
